{
  "project_info": {
    "project_number": "212926034288",
    "firebase_url": "https://faceloginmodule.firebaseio.com",
    "project_id": "faceloginmodule",
    "storage_bucket": "faceloginmodule.appspot.com"
  },
  "client": [
    {
      "client_info": {
        "mobilesdk_app_id": "1:212926034288:android:b72e2d2a5a013717",
        "android_client_info": {
          "package_name": "com.faceloginmodule"
        }
      },
      "oauth_client": [
        {
          "client_id": "212926034288-g5chldkssa9lpk7232982o34289tsrv9.apps.googleusercontent.com",
          "client_type": 3
        }
      ],
      "api_key": [
        {
          "current_key": "AIzaSyDAsjQkATCS25j4i77nf-BuvlMZZaG-nmA"
        }
      ],
      "services": {
        "appinvite_service": {
          "other_platform_oauth_client": [
            {
              "client_id": "212926034288-g5chldkssa9lpk7232982o34289tsrv9.apps.googleusercontent.com",
              "client_type": 3
            }
          ]
        }
      }
    }
  ],
  "configuration_version": "1"
}